AC Name,AC No.,Type,District,Winning Candidate,Party,Total Electors,Total Votes,Poll%,Margin,Margin %
Alandur,28,GEN,Kancheepuram,T.M.Anbarasan,Dravida Munetra Kazhagam,363029,235863,65.0 %,40571,17.2%
Alangudi,182,GEN,Pudukkottai,Siva.V.Meyyanathan,Dravida Munetra Kazhagam,203445,171140,84.1 %,25847,15.1%
Alangulam,223,GEN,Tirunelveli,Paul Manoj Pandian,All India Anna Dravida Munnetra Kazhagam,252558,201692,79.9 %,3539,1.8%
Ambasamudram,225,GEN,Tirunelveli,E.Subaya,All India Anna Dravida Munnetra Kazhagam,242456,176008,72.6 %,16915,9.6%
Ambattur,8,GEN,Thiruvallur,Joseph Samuel,Dravida Munetra Kazhagam,361656,237941,65.8 %,42146,17.7%
Ambur,48,GEN,Vellore,Vilwanathan.A.C,Dravida Munetra Kazhagam,225328,176461,78.3 %,20232,11.5%
Anaikattu,44,GEN,Vellore,A.P.Nandakumar,Dravida Munetra Kazhagam,241068,196014,81.3 %,6360,3.2%
Andipatti,198,GEN,Theni,A.Maharajan,Dravida Munetra Kazhagam,264498,208207,78.7 %,8538,4.1%
Anna Nagar,21,GEN,Chennai,M.K. Mohan,Dravida Munetra Kazhagam,274067,163551,59.7 %,27445,16.8%
Anthiyur,105,GEN,Erode,Venkatachalam.A.G,Dravida Munetra Kazhagam,213651,175358,82.1 %,1275,0.7%
Arakkonam,38,SC,Vellore,S.Ravi,All India Anna Dravida Munnetra Kazhagam,216909,169756,78.3 %,27169,16.0%
Arani,67,GEN,Tiruvannamalai,S.Ramachandran,All India Anna Dravida Munnetra Kazhagam,264335,219732,83.1 %,3128,1.4%
Aranthangi,183,GEN,Pudukkottai,Ramachandran T,Indian National Congress,222766,167524,75.2 %,30893,18.4%
Aravakurichi,134,GEN,Karur,Elango. R,Dravida Munetra Kazhagam,205295,176245,85.8 %,24816,14.1%
Arcot,42,GEN,Vellore,J.L.Eswarappan,Dravida Munetra Kazhagam,251362,207538,82.6 %,19958,9.6%
Ariyalur,149,GEN,Perambalur,Chinnappa K,Dravida Munetra Kazhagam,254281,223839,88.0 %,3234,1.4%
Aruppukkottai,207,GEN,Virudhunagar,K.K.S.S.R.Ramachandran,Dravida Munetra Kazhagam,214554,169878,79.2 %,39034,23.0%
Athoor,129,GEN,Dindigul,Periyasamy I,Dravida Munetra Kazhagam,279399,228376,81.7 %,135571,59.4%
Attur,82,SC,Salem,Jayasankaran A.P.,All India Anna Dravida Munnetra Kazhagam,243631,197909,81.2 %,8257,4.2%
Avadi,6,GEN,Thiruvallur,Nasar S M,Dravida Munetra Kazhagam,409701,298546,72.9 %,55275,18.5%
Avanashi,112,SC,Coimbatore,Dhanapal P,All India Anna Dravida Munnetra Kazhagam,265952,210255,79.1 %,50902,24.2%
Bargur,52,GEN,Krishnagiri,Mathiazhagan D,Dravida Munetra Kazhagam,238180,196277,82.4 %,12614,6.4%
Bhavani,104,GEN,Erode,Karuppanan.K.C,All India Anna Dravida Munnetra Kazhagam,234551,199306,85.0 %,22523,11.3%
Bhavanisagar,107,SC,Erode,A.Bannari,All India Anna Dravida Munnetra Kazhagam,248797,198562,79.8 %,16008,8.1%
Bhuvanagiri,157,GEN,Cuddalore,Arunmozhithevan. A,All India Anna Dravida Munnetra Kazhagam,244178,196107,80.3 %,8259,4.2%
Bodinayakanur,200,GEN,Theni,O.Panneerselvam,All India Anna Dravida Munnetra Kazhagam,265296,213392,80.4 %,11021,5.2%
Chengalpattu,32,GEN,Kancheepuram,Varalakshmi.M,Dravida Munetra Kazhagam,397706,271012,68.1 %,26665,9.8%
Chengam,62,SC,Tiruvannamalai,Giri.M.P,Dravida Munetra Kazhagam,263132,222865,84.7 %,11570,5.2%
Chepauk-Thiruvallikeni,19,GEN,Chennai,Udhayanidhi Stalin,Dravida Munetra Kazhagam,226272,135344,59.8 %,69355,51.2%
Cheyyar,68,GEN,Tiruvannamalai,Jothi. O,Dravida Munetra Kazhagam,249307,212565,85.3 %,12271,5.8%
Cheyyur,34,SC,Kancheepuram,Babu M,Viduthalai Chiruthaigal Katchi,216506,177979,82.2 %,4042,2.3%
Chidambaram,158,GEN,Cuddalore,K.A. Pandian,All India Anna Dravida Munnetra Kazhagam,239757,182150,76.0 %,16937,9.3%
Coimbatore (North),118,GEN,Coimbatore,Amman K.Arjunan,All India Anna Dravida Munnetra Kazhagam,318780,201098,63.1 %,4001,2.0%
Coimbatore (South),120,GEN,Coimbatore,Vanathi Srinivasan,Bharatiya Janta Party,244922,153864,62.8 %,1728,1.1%
Colachal,231,GEN,Kanniyakumari,Prince J.G.,Indian National Congress,254691,182091,71.5 %,24832,13.6%
Coonoor,110,GEN,The Nilgiris,Ramachandran K.,Dravida Munetra Kazhagam,186493,134720,72.2 %,4105,3.0%
Cuddalore,155,GEN,Cuddalore,G.Iyappan,Dravida Munetra Kazhagam,227937,180765,79.3 %,5151,2.8%
Cumbum,201,GEN,Theni,N.Ramakrishnan,Dravida Munetra Kazhagam,274002,200616,73.2 %,42413,21.1%
Dharapuram,101,SC,Erode,Kayalvizhi N,Dravida Munetra Kazhagam,251040,192088,76.5 %,1393,0.7%
Dharmapuri,59,GEN,Dharmapuri,Venkateshwaran.S.P.,Pattali Makkal Katchi,256946,215607,83.9 %,26860,12.5%
Dindigul,132,GEN,Dindigul,Sreenivasan.C,All India Anna Dravida Munnetra Kazhagam,261916,193311,73.8 %,17747,9.2%
Dr.Radhakrishnan Nagar,11,GEN,Chennai,Ebenezer. J.J. (@)  JOHN EBENEZER.J,Dravida Munetra Kazhagam,248518,185323,74.6 %,42479,22.9%
Edappadi,86,GEN,Salem,Edappadi Palaniswami. K,All India Anna Dravida Munnetra Kazhagam,274079,246192,89.8 %,93802,38.1%
Egmore,16,SC,Chennai,I.Paranthamen,Dravida Munetra Kazhagam,181071,118095,65.2 %,38768,32.8%
Erode (East),98,GEN,Erode,Thirumahan Everaae.,Indian National Congress,218783,150491,68.8 %,8904,5.9%
Erode (West),99,GEN,Erode,Muthusamy S,Dravida Munetra Kazhagam,272477,203611,74.7 %,22089,10.8%
Gandarvakkottai,178,SC,Pudukkottai,M.Chinnadurai,Communist Party Of India (Marxist),191615,156230,81.5 %,12721,8.1%
Gangavalli,81,SC,Salem,Nallathambia.,All India Anna Dravida Munnetra Kazhagam,228181,185252,81.2 %,7361,4.0%
Gingee,70,GEN,Viluppuram,Masthan K S,Dravida Munetra Kazhagam,253786,204601,80.6 %,35803,17.5%
Gobichettipalayam,106,GEN,Erode,Sengottaiyan K.A,All India Anna Dravida Munnetra Kazhagam,247467,212974,86.1 %,28563,13.4%
Gudalur,109,SC,The Nilgiris,Pon.Jayaseelan,All India Anna Dravida Munnetra Kazhagam,182352,137240,75.3 %,1945,1.4%
Gudiyattam,46,SC,Vellore,Amulu.V,Dravida Munetra Kazhagam,272216,209931,77.1 %,6901,3.3%
Gummidipoondi,1,GEN,Thiruvallur,Govindarajan T.J,Dravida Munetra Kazhagam,267255,220286,82.4 %,50938,23.1%
Harbour,18,GEN,Chennai,Sekarbabu. P.K,Dravida Munetra Kazhagam,168538,100738,59.8 %,27274,27.1%
Harur,61,SC,Dharmapuri,Sampathkumar.V,All India Anna Dravida Munnetra Kazhagam,236142,196316,83.1 %,30362,15.5%
Hosur,55,GEN,Krishnagiri,Prakaash Y,Dravida Munetra Kazhagam,327242,246122,75.2 %,12367,5.0%
Jayankondam,150,GEN,Perambalur,Kannan Ka So Ka,Dravida Munetra Kazhagam,257745,214507,83.2 %,5452,2.5%
Jolarpet,49,GEN,Vellore,Devaraji.K.,Dravida Munetra Kazhagam,231496,195021,84.2 %,1091,0.6%
Kadayanallur,221,GEN,Tirunelveli,C.Krishnamurali,All India Anna Dravida Munnetra Kazhagam,275470,204318,74.2 %,24349,11.9%
Kalasapakkam,65,GEN,Tiruvannamalai,Saravanan.P.S.T,Dravida Munetra Kazhagam,231257,194841,84.3 %,9222,4.7%
Kallakurichi,80,SC,Viluppuram,Senthilkumar.M,All India Anna Dravida Munnetra Kazhagam,272974,224601,82.3 %,25891,11.5%
Kancheepuram,37,GEN,Kancheepuram,C.V.M.P. Ezhailzrasan,Dravida Munetra Kazhagam,293532,226893,77.3 %,11595,5.1%
Kangayam,102,GEN,Erode,Saminathan.M.P,Dravida Munetra Kazhagam,246360,198791,80.7 %,7331,3.7%
Kanniyakumari,229,GEN,Kanniyakumari,Thalavai Sundaram N.,All India Anna Dravida Munnetra Kazhagam,279721,223778,80.0 %,16213,7.2%
Karaikudi,184,GEN,Sivaganga,S.Mangudi,Indian National Congress,301096,211107,70.1 %,21589,10.2%
Karur,135,GEN,Karur,Senthilbalaji V,Dravida Munetra Kazhagam,234703,206349,87.9 %,12448,6.0%
Katpadi,40,GEN,Vellore,Duraimurugan,Dravida Munetra Kazhagam,238365,184357,77.3 %,746,0.4%
Kattumannarkoil,159,SC,Cuddalore,Sinthanai Selvan,Viduthalai Chiruthaigal Katchi,221278,174913,79.0 %,10565,6.0%
Kavundampalayam,117,GEN,Coimbatore,G.Arunkumar,All India Anna Dravida Munnetra Kazhagam,429273,307026,71.5 %,9776,3.2%
Killiyoor,234,GEN,Kanniyakumari,Rajesh Kumar  S,Indian National Congress,241595,169164,70.0 %,55400,32.7%
Kilpennathur,64,GEN,Tiruvannamalai,K.Pitchandi,Dravida Munetra Kazhagam,244367,202925,83.0 %,26787,13.2%
Kilvaithinankuppam,45,SC,Vellore,M.Jagan Moorthy,All India Anna Dravida Munnetra Kazhagam,216745,172326,79.5 %,10582,6.1%
Kilvelur,164,SC,Nagapattinam,Nagaimaali V P,Communist Party Of India (Marxist),170064,142098,83.6 %,16985,12.0%
Kinathukadavu,122,GEN,Coimbatore,Damodaran.S,All India Anna Dravida Munnetra Kazhagam,300959,230158,76.5 %,1095,0.5%
Kolathur,13,GEN,Chennai,M.K. Stalin,Dravida Munetra Kazhagam,268296,171859,64.1 %,70384,41.0%
Kovilpatti,218,GEN,Thoothukkudi,Kadambur Raju,All India Anna Dravida Munnetra Kazhagam,255257,179804,70.4 %,12403,6.9%
Krishnagiri,53,GEN,Krishnagiri,Ashokkumar.K,All India Anna Dravida Munnetra Kazhagam,256172,209811,81.9 %,794,0.4%
Krishnarayapuram,136,SC,Karur,Sivagama Sundari.K,Dravida Munetra Kazhagam,205230,179725,87.6 %,31625,17.6%
Kulithalai,137,GEN,Karur,R.Manickam,Dravida Munetra Kazhagam,217112,196265,90.4 %,23540,12.0%
Kumarapalayam,97,GEN,Namakkal,Thangamani.P,All India Anna Dravida Munnetra Kazhagam,243526,200583,82.4 %,31646,15.8%
Kumbakonam,171,GEN,Thanjavur,Anbalagan G.,Dravida Munetra Kazhagam,258243,195916,75.9 %,21383,10.9%
Kunnam,148,GEN,Perambalur,Sivasankar S.S.,Dravida Munetra Kazhagam,262924,219126,83.3 %,6329,2.9%
Kurinjipadi,156,GEN,Cuddalore,M.R.K.Panneerselvam,Dravida Munetra Kazhagam,231741,197569,85.3 %,17527,8.9%
Lalgudi,143,GEN,Tiruchirappalli,A.Soundarapandian,Dravida Munetra Kazhagam,210610,173554,82.4 %,16949,9.8%
Madathukulam,126,GEN,Coimbatore,C Mahendran,All India Anna Dravida Munnetra Kazhagam,237102,180854,76.3 %,6438,3.6%
Madavaram,9,GEN,Thiruvallur,Sudharsanam. S,Dravida Munetra Kazhagam,422016,300534,71.2 %,57071,19.0%
Madurai Central,193,GEN,Madurai,Palanivel Thiaga Rajan,Dravida Munetra Kazhagam,236127,147989,62.7 %,34176,23.1%
Madurai East,189,GEN,Madurai,Moorthy P,Dravida Munetra Kazhagam,307184,235948,76.8 %,49604,21.0%
Madurai North,191,GEN,Madurai,Thalapathi G,Dravida Munetra Kazhagam,236352,154992,65.6 %,22916,14.8%
Madurai South,192,GEN,Madurai,Boominathan.M,Dravida Munetra Kazhagam,225393,146282,64.9 %,6515,4.5%
Madurai West,194,GEN,Madurai,Raju. K,All India Anna Dravida Munnetra Kazhagam,294018,199920,68.0 %,9121,4.6%
Madurantakam,35,SC,Kancheepuram,Maragatham. K,All India Anna Dravida Munnetra Kazhagam,218271,184471,84.5 %,3570,1.9%
Maduravoyal,7,GEN,Thiruvallur,Ganapathy.K,Dravida Munetra Kazhagam,413109,271724,65.8 %,31721,11.7%
Mailam,71,GEN,Viluppuram,Sivakumar C,Pattali Makkal Katchi,214350,176105,82.2 %,2230,1.3%
Manachanallur,144,GEN,Tiruchirappalli,S. Kathiravan,Dravida Munetra Kazhagam,231827,195652,84.4 %,59618,30.5%
Manamadurai,187,SC,Sivaganga,Tamilarasi A.,Dravida Munetra Kazhagam,264191,201728,76.4 %,14091,7.0%
Manapparai,138,GEN,Tiruchirappalli,Abdul Samad P,Dravida Munetra Kazhagam,274874,220739,80.3 %,12243,5.5%
Mannargudi,167,GEN,Thiruvarur,Rajaa T R B,Dravida Munetra Kazhagam,249307,192269,77.1 %,37393,19.4%
Mayiladuthurai,161,GEN,Nagapattinam,Rajakumar.S,Indian National Congress,235653,173573,73.7 %,2742,1.6%
Melur,188,GEN,Madurai,Periyapullan @ Selvam  P.,All India Anna Dravida Munnetra Kazhagam,239856,181898,75.8 %,35162,19.3%
Mettuppalayam,111,GEN,Coimbatore,Selvaraj A K,All India Anna Dravida Munnetra Kazhagam,280968,222350,79.1 %,2456,1.1%
Mettur,85,GEN,Salem,Sadhasivam.S,Pattali Makkal Katchi,274547,216195,78.7 %,656,0.3%
Modakkurichi,100,GEN,Erode,Saraswathi.C,Bharatiya Janta Party,229956,179515,78.1 %,281,0.2%
Mudhukulathur,212,GEN,Ramanathapuram,R.S.Rajakannappan,Dravida Munetra Kazhagam,303458,220690,72.7 %,20721,9.4%
Musiri,145,GEN,Tiruchirappalli,N. Thiyagarajan,Dravida Munetra Kazhagam,224014,178614,79.7 %,26836,15.0%
Mylapore,25,GEN,Chennai,Velu.Dha,Dravida Munetra Kazhagam,258722,152143,58.8 %,12633,8.3%
Nagapattinam,163,GEN,Nagapattinam,J. Mohamed Shanavas,Viduthalai Chiruthaigal Katchi,189926,142665,75.1 %,7238,5.1%
Nagercoil,230,GEN,Kanniyakumari,Gandhi M.R.,Bharatiya Janta Party,254201,183255,72.1 %,11669,6.4%
Namakkal,94,GEN,Namakkal,Ramalingam P,Dravida Munetra Kazhagam,248958,205474,82.5 %,27861,13.6%
Nanguneri,227,GEN,Tirunelveli,Ruby R Manoharan,Indian National Congress,256674,190985,74.4 %,16486,8.6%
Nannilam,169,GEN,Thiruvarur,Kamaraj R,All India Anna Dravida Munnetra Kazhagam,260052,220754,84.9 %,4424,2.0%
Natham,131,GEN,Dindigul,Natham.R.Viswanathan,All India Anna Dravida Munnetra Kazhagam,269460,223800,83.1 %,11932,5.3%
Neyveli,153,GEN,Cuddalore,Saba.Rajendran,Dravida Munetra Kazhagam,210354,162959,77.5 %,977,0.6%
Nilakkottai,130,SC,Dindigul,S.Thenmozhi,All India Anna Dravida Munnetra Kazhagam,229621,183545,79.9 %,27618,15.0%
Oddanchatram,128,GEN,Dindigul,Sakkarapani R,Dravida Munetra Kazhagam,231804,200299,86.4 %,28742,14.3%
Omalur,84,GEN,Salem,R.Mani,All India Anna Dravida Munnetra Kazhagam,282810,247427,87.5 %,55294,22.3%
Orathanadu,175,GEN,Thanjavur,Vaithilingam R.,All India Anna Dravida Munnetra Kazhagam,231555,190973,82.5 %,28835,15.1%
Ottapidaram,217,SC,Thoothukkudi,Shunmugaiah C,Dravida Munetra Kazhagam,234643,176272,75.1 %,8510,4.8%
Padmanabhapuram,232,GEN,Kanniyakumari,Mano Thangaraj T.,Dravida Munetra Kazhagam,227967,169120,74.2 %,26885,15.9%
Palacode,57,GEN,Dharmapuri,Anbalagan.K.P.,All India Anna Dravida Munnetra Kazhagam,226980,205244,90.4 %,28100,13.7%
Palani,127,GEN,Dindigul,Senthil Kumar I.P,Dravida Munetra Kazhagam,269523,204274,75.8 %,30056,14.7%
Palayamkottai,226,GEN,Tirunelveli,Abdul Wahab .M,Dravida Munetra Kazhagam,261331,159444,61.0 %,52141,32.7%
Palladam,115,GEN,Coimbatore,Anandan M S M,All India Anna Dravida Munnetra Kazhagam,362477,259709,71.6 %,32691,12.6%
Pallavaram,30,GEN,Kancheepuram,Karunanithi,Dravida Munetra Kazhagam,407266,260066,63.9 %,36814,14.2%
Panruti,154,GEN,Cuddalore,Velmurugan.T,Dravida Munetra Kazhagam,237508,195726,82.4 %,4697,2.4%
Papanasam,172,GEN,Thanjavur,Dr.Jawahirullah M.H.,Dravida Munetra Kazhagam,246963,195778,79.3 %,16273,8.3%
Pappireddipatti,60,GEN,Dharmapuri,Govindasamy.A,All India Anna Dravida Munnetra Kazhagam,253899,219656,86.5 %,36943,16.8%
Paramakudi,209,SC,Ramanathapuram,Murugesan S,Dravida Munetra Kazhagam,247151,180900,73.2 %,13285,7.3%
Paramathi-Velur,95,GEN,Namakkal,Sekar S,All India Anna Dravida Munnetra Kazhagam,213768,182733,85.5 %,7662,4.2%
Pattukkottai,176,GEN,Thanjavur,Annadurai K.,Dravida Munetra Kazhagam,233674,176174,75.4 %,25269,14.3%
Pennagaram,58,GEN,Dharmapuri,Mani. G.K,Pattali Makkal Katchi,237160,208546,87.9 %,21186,10.2%
Perambalur,147,SC,Perambalur,Prabhaharan M.,Dravida Munetra Kazhagam,289778,238142,82.2 %,31034,13.0%
Perambur,12,GEN,Chennai,Shekar. R.D,Dravida Munetra Kazhagam,293597,198872,67.7 %,54976,27.6%
Peravurani,177,GEN,Thanjavur,Ashokkumar N.,Dravida Munetra Kazhagam,211705,170080,80.3 %,23503,13.8%
Periyakulam,199,SC,Theni,K.S.Saravanakumaar,Dravida Munetra Kazhagam,269420,199349,74.0 %,21321,10.7%
Perundurai,103,GEN,Erode,Jayakumar S.,All India Anna Dravida Munnetra Kazhagam,217923,188654,86.6 %,14507,7.7%
Pollachi,123,GEN,Coimbatore,Pollachi V. Jayaraman,All India Anna Dravida Munnetra Kazhagam,218199,175762,80.6 %,1725,1.0%
Polur,66,GEN,Tiruvannamalai,Agri Krishnamurthy. S S,All India Anna Dravida Munnetra Kazhagam,236936,200868,84.8 %,9725,4.8%
Ponneri,2,SC,Thiruvallur,Durai. Chandrasekar,Indian National Congress,254351,208800,82.1 %,9689,4.6%
Poompuhar,162,GEN,Nagapattinam,Nivedha M. Murugan,Dravida Munetra Kazhagam,260928,207105,79.4 %,3299,1.6%
Poonamallee,5,SC,Thiruvallur,Krishnaswamy A,Dravida Munetra Kazhagam,332331,260869,78.5 %,94110,36.1%
Pudukkottai,180,GEN,Pudukkottai,V . Muthuraja,Dravida Munetra Kazhagam,229689,179288,78.1 %,13001,7.3%
Radhapuram,228,GEN,Tirunelveli,M.Appavu,Dravida Munetra Kazhagam,256384,186407,72.7 %,5925,3.2%
Rajapalayam,202,GEN,Virudhunagar,Thangapandian S.,Dravida Munetra Kazhagam,230033,176833,76.9 %,3898,2.2%
Ramanathapuram,211,GEN,Ramanathapuram,Katharbatcha Muthuramalingam,Dravida Munetra Kazhagam,293684,213345,72.6 %,50479,23.7%
Ranipet,41,GEN,Vellore,R.Gandhi,Dravida Munetra Kazhagam,254312,205830,80.9 %,16498,8.0%
Rasipuram,92,SC,Namakkal,Mathiventhan M,Dravida Munetra Kazhagam,229784,194794,84.8 %,1952,1.0%
Rishivandiyam,78,GEN,Viluppuram,Karthikeyan K,Dravida Munetra Kazhagam,254340,212686,83.6 %,41728,19.6%
Royapuram,17,GEN,Chennai,Murthy.R.Idream,Dravida Munetra Kazhagam,178693,120290,67.3 %,27779,23.1%
Saidapet,23,GEN,Chennai,Subramanian. Ma,Dravida Munetra Kazhagam,269884,159169,59.0 %,29295,18.4%
Salem (North),89,GEN,Salem,R. Rajendran,Dravida Munetra Kazhagam,266004,200837,75.5 %,7588,3.8%
Salem (South),90,GEN,Salem,E.Balasubramanian,All India Anna Dravida Munnetra Kazhagam,253910,198122,78.0 %,22609,11.4%
Salem (West),88,GEN,Salem,Arul. R,Pattali Makkal Katchi,286676,214945,75.0 %,21499,10.0%
Sankarankovil,219,SC,Tirunelveli,Raja E,Dravida Munetra Kazhagam,243171,181381,74.6 %,5297,2.9%
Sankarapuram,79,GEN,Viluppuram,Udhayasuriyan T,Dravida Munetra Kazhagam,256349,214849,83.8 %,45963,21.4%
Sankari,87,GEN,Salem,Sundararajan S.,All India Anna Dravida Munnetra Kazhagam,263382,230778,87.6 %,20045,8.7%
Sattur,204,GEN,Virudhunagar,Raghuraman  A.R.R.,Dravida Munetra Kazhagam,237493,190486,80.2 %,11179,5.9%
Senthamangalam,93,ST,Namakkal,Ponnusamy K,Dravida Munetra Kazhagam,235223,197177,83.8 %,10493,5.3%
Sholavandan,190,SC,Madurai,Venkatesan A,Dravida Munetra Kazhagam,212801,174400,82.0 %,17045,9.8%
Shozhinganallur,27,GEN,Chengalpattu,S.Aravindramesh,Dravida Munetra Kazhagam,638950,385325,60.3 %,35405,9.2%
Sholinghur,39,GEN,Vellore,A.M.Munirathinam,Indian National Congress,262083,222870,85.0 %,26698,12.0%
Singanallur,121,GEN,Coimbatore,Jayaram K.R,All India Anna Dravida Munnetra Kazhagam,308023,200589,65.1 %,10854,5.4%
Sirkazhi,160,SC,Nagapattinam,Panneerselvam,Dravida Munetra Kazhagam,239251,190348,79.6 %,12148,6.4%
Sivaganga,186,GEN,Sivaganga,Pr. Senthilnathan,All India Anna Dravida Munnetra Kazhagam,286529,200774,70.1 %,11253,5.6%
Sivakasi,205,GEN,Virudhunagar,Ashokan.G,Indian National Congress,246554,183320,74.4 %,17319,9.4%
Sriperumbudur,29,SC,Kancheepuram,Selvaperunthagai,Indian National Congress,327294,262123,80.1 %,10879,4.2%
Srirangam,139,GEN,Tiruchirappalli,Palaniyandi.M,Dravida Munetra Kazhagam,296286,237823,80.3 %,19915,8.4%
Srivaikuntam,216,GEN,Thoothukkudi,Amirtharaj .S,Indian National Congress,214449,163630,76.3 %,17372,10.6%
Srivilliputhur,203,SC,Virudhunagar,Manraj E.M.,All India Anna Dravida Munnetra Kazhagam,238501,183373,76.9 %,12738,6.9%
Sulur,116,GEN,Coimbatore,Kandasamy V.P.,All India Anna Dravida Munnetra Kazhagam,295216,239043,81.0 %,31932,13.4%
Tambaram,31,GEN,Kancheepuram,Raja.S.R,Dravida Munetra Kazhagam,380754,246691,64.8 %,36824,14.9%
Tenkasi,222,GEN,Tirunelveli,Palani Nadar.S,Indian National Congress,275643,212949,77.3 %,370,0.2%
Thalli,56,GEN,Krishnagiri,Ramachandran.T,Communist Party Of India,242107,192056,79.3 %,56226,29.3%
Thanjavur,174,GEN,Thanjavur,Neelamegam T.K.G.,Dravida Munetra Kazhagam,277373,192921,69.6 %,47149,24.4%
Thiru-Vi-Ka-Nagar,15,SC,Chennai,Sivakumar.P,Dravida Munetra Kazhagam,210344,132650,63.1 %,55013,41.5%
Tirukkoyilur,76,GEN,Viluppuram,K.Ponmudy,Dravida Munetra Kazhagam,246907,194178,78.6 %,59680,30.7%
Thirumangalam,196,GEN,Madurai,Udhayakumar R B,All India Anna Dravida Munnetra Kazhagam,268427,219524,81.8 %,14087,6.4%
Thirumayam,181,GEN,Pudukkottai,S.Regupathy,Dravida Munetra Kazhagam,215471,173462,80.5 %,1382,0.8%
Thiruparankundram,195,GEN,Madurai,Rajanchellappa V.V.,All India Anna Dravida Munnetra Kazhagam,304719,233776,76.7 %,29489,12.6%
Thiruporur,33,GEN,Kancheepuram,S.S.Balaji,Viduthalai Chiruthaigal Katchi,270769,224747,83.0 %,1947,0.9%
Thiruthuraipoondi,166,SC,Thiruvarur,Marimuthu K,Communist Party Of India,230016,184573,80.2 %,30068,16.3%
Thiruvaiyaru,173,GEN,Thanjavur,Durai.Chandrasekaran,Dravida Munetra Kazhagam,257341,210250,81.7 %,53650,25.5%
Thiruvallur,4,GEN,Thiruvallur,Raajendran V.G.,Dravida Munetra Kazhagam,260870,212371,81.4 %,22701,10.7%
Thiruvarur,168,GEN,Thiruvarur,Kalaivanan  Poondi  K.,Dravida Munetra Kazhagam,269259,206637,76.7 %,51174,24.8%
Thiruverumbur,142,GEN,Tiruchirappalli,Anbil Mahesh Poyyamozhi,Dravida Munetra Kazhagam,283947,195595,68.9 %,49697,25.4%
Thiruvidaimarudur,170,SC,Thanjavur,Chezhiaan  Govi.,Dravida Munetra Kazhagam,243754,197206,80.9 %,10680,5.4%
Thiyagarayanagar,24,GEN,Chennai,Karunanithi J,Dravida Munetra Kazhagam,231382,136497,59.0 %,137,0.1%
Thondamuthur,119,GEN,Coimbatore,S.P. Velumani,All India Anna Dravida Munnetra Kazhagam,308153,228896,74.3 %,41630,18.2%
Thoothukkudi,214,GEN,Thoothukkudi,P.Geetha Jeevan,Dravida Munetra Kazhagam,279188,186838,66.9 %,50310,26.9%
Thousand Lights,20,GEN,Chennai,Ezhilan N,Dravida Munetra Kazhagam,233867,134555,57.5 %,32462,24.1%
Thuraiyur,146,SC,Tiruchirappalli,S.Stalinkumar,Dravida Munetra Kazhagam,218430,174282,79.8 %,22071,12.7%
Tindivanam,72,SC,Viluppuram,Arjunan P,All India Anna Dravida Munnetra Kazhagam,221033,181015,81.9 %,9753,5.4%
Tiruchendur,215,GEN,Thoothukkudi,Anitha R. Radhakrishnan,Dravida Munetra Kazhagam,234874,173485,73.9 %,25263,14.6%
Tiruchengodu,96,GEN,Namakkal,Eswaran E R,Dravida Munetra Kazhagam,222373,183151,82.4 %,2862,1.6%
Tiruchirappalli (East),141,GEN,Tiruchirappalli,Inigo Irudayarajs.,Dravida Munetra Kazhagam,247148,171321,69.3 %,53797,31.4%
Tiruchirappalli (West),140,GEN,Tiruchirappalli,Nehru K.N.,Dravida Munetra Kazhagam,260130,180982,69.6 %,85109,47.0%
Tiruchuli,208,GEN,Virudhunagar,Thangam Thenarasu,Dravida Munetra Kazhagam,213068,172071,80.8 %,60992,35.4%
Tirunelveli,224,GEN,Tirunelveli,Nainar Nagenthran,Bharatiya Janta Party,278329,195496,70.2 %,23107,11.8%
Tiruppattur,185,GEN,Sivaganga,Kr.Periyakaruppan,Dravida Munetra Kazhagam,281221,209913,74.6 %,37374,17.8%
Tirupattur,50,GEN,Vellore,A. Nallathambi,Dravida Munetra Kazhagam,229174,184298,80.4 %,28240,15.3%
Tiruppur (North),113,GEN,Coimbatore,Vijeyakumar.K.N,All India Anna Dravida Munnetra Kazhagam,354414,235930,66.6 %,40102,17.0%
Tiruppur (South),114,GEN,Coimbatore,Selvaraj. K.,Dravida Munetra Kazhagam,261872,173276,66.2 %,4709,2.7%
Tiruttani,3,GEN,Thiruvallur,S.Chandran,Dravida Munetra Kazhagam,276906,230959,83.4 %,29253,12.7%
Tiruvadanai,210,GEN,Ramanathapuram,Karumanickam,Indian National Congress,279531,201047,71.9 %,13852,6.9%
Tiruvannamalai,63,GEN,Tiruvannamalai,E V Velu,Dravida Munetra Kazhagam,274359,206642,75.3 %,94673,45.8%
Thiruvottiyur,10,GEN,Thiruvallur,K.P.Shankar,Dravida Munetra Kazhagam,287777,198885,69.1 %,37661,18.9%
Tittakudi,151,SC,Cuddalore,Ganesan  C.V.,Dravida Munetra Kazhagam,213980,167185,78.1 %,21563,12.9%
Udhagamandalam,108,GEN,The Nilgiris,Ganesh R.,Indian National Congress,201429,139726,69.4 %,5348,3.8%
Udumalaipettai,125,GEN,Coimbatore,Radhakrishnank.,All India Anna Dravida Munnetra Kazhagam,257707,192880,74.8 %,21895,11.4%
Ulundurpettai,77,GEN,Viluppuram,Manikannan A J,Dravida Munetra Kazhagam,282798,242573,85.8 %,5256,2.2%
Usilampatti,197,GEN,Madurai,Ayyappan P,All India Anna Dravida Munnetra Kazhagam,274840,211481,76.9 %,7477,3.5%
Uthangarai,51,SC,Krishnagiri,T.M.Tamilselvam,All India Anna Dravida Munnetra Kazhagam,227710,186864,82.1 %,28387,15.2%
Uthiramerur,36,GEN,Kancheepuram,Sundar K,Dravida Munetra Kazhagam,247035,209577,84.8 %,1622,0.8%
Valparai,124,SC,Coimbatore,Amulkandasami T K,All India Anna Dravida Munnetra Kazhagam,198211,143757,72.5 %,12223,8.5%
Vandavasi,69,SC,Tiruvannamalai,Ambethkumar S,Dravida Munetra Kazhagam,230358,184205,80.0 %,35953,19.5%
Vaniyambadi,47,GEN,Vellore,G.Sendhil Kumar,All India Anna Dravida Munnetra Kazhagam,237690,188505,79.3 %,4904,2.6%
Vanur,73,SC,Viluppuram,Chakrapani M,All India Anna Dravida Munnetra Kazhagam,220185,180845,82.1 %,21727,12.0%
Vasudevanallur,220,SC,Tirunelveli,Sadhan Thirumalaikumar Doctor.T,Dravida Munetra Kazhagam,229421,173710,75.7 %,2367,1.4%
Vedaranyam,165,GEN,Nagapattinam,O.S.Manian,All India Anna Dravida Munnetra Kazhagam,184292,157387,85.4 %,12329,7.8%
Vedasandur,133,GEN,Dindigul,Gandhirajan S,Dravida Munetra Kazhagam,253655,212277,83.7 %,17553,8.3%
Veerapandi,91,GEN,Salem,Rajamuthu M.,All India Anna Dravida Munnetra Kazhagam,248943,222293,89.3 %,19895,8.9%
Velachery,26,GEN,Chennai,Jmh.Aassan Maulaana,Indian National Congress,300466,174972,58.2 %,4352,2.5%
Vellore,43,GEN,Vellore,Karthikeyan .P,Dravida Munetra Kazhagam,245491,178458,72.7 %,9181,5.1%
Veppanahalli,54,GEN,Krishnagiri,K.P.Munusamy,All India Anna Dravida Munnetra Kazhagam,238757,203479,85.2 %,3054,1.5%
Vikravandi,75,GEN,Viluppuram,Pugazhenthi N,Dravida Munetra Kazhagam,223362,192495,86.2 %,9573,5.0%
Vilathikulam,213,GEN,Thoothukkudi,Markandayan V,Dravida Munetra Kazhagam,209256,166133,79.4 %,38549,23.2%
Vilavancode,233,GEN,Kanniyakumari,Vijayadharani S,Indian National Congress,242916,167054,68.8 %,28669,17.2%
Villivakkam,14,GEN,Chennai,A . Vetriazhagan,Dravida Munetra Kazhagam,248131,142648,57.5 %,37237,26.1%
Villupuram,74,GEN,Viluppuram,Lakshmanan R,Dravida Munetra Kazhagam,249865,203890,81.6 %,14868,7.3%
Viralimalai,179,GEN,Pudukkottai,Vijaya Basker C,All India Anna Dravida Munnetra Kazhagam,213462,193038,90.4 %,23598,12.2%
Virudhunagar,206,GEN,Virudhunagar,Seenivasan A.R.R,Dravida Munetra Kazhagam,212379,160147,75.4 %,21339,13.3%
Virugampakkam,22,GEN,Chennai,Amv.Prabhakara Raja,Dravida Munetra Kazhagam,273740,167524,61.2 %,18367,11.0%
Vriddhachalam,152,GEN,Cuddalore,Radhakrishnan,Indian National Congress,242427,195973,80.8 %,862,0.4%
Yercaud,83,ST,Salem,G. Chitra,All India Anna Dravida Munnetra Kazhagam,273284,236945,86.7 %,25955,11.0%
